{
"lengthUnit": "mil",
"components": {
	"fields": ["COMPONENT_NO", "COMPONENT_NAME", "LAYER", "X_COORDINATE", "Y_COORDINATE", "ANGLE"],
	"rows": [
		[1, "C1", "T", 670, -161.5, 270],
		[2, "C2", "T", 670, -330.08, 270],
		[3, "CN3", "T", 3775, -1915, 90],
		[4, "CN4", "T", 3765, -1505, 90],
		[5, "KEY1", "T", 405, -310, 0],
		[6, "KEY2", "T", 400, -120, 0],
		[7, "R2", "T", 490, -1511.61, 0],
		[8, "R3", "T", 490, -1645.58, 0],
		[9, "R4", "T", 490, -1779.61, 0],
		[10, "R5", "T", 1320, -575, 180],
		[11, "R6", "T", 1320, -475, 180],
		[12, "U0", "T", 660, -770, 180],
		[13, "U3", "T", 3460, -240, 180],
		[14, "U4", "T", 3625, -1185, 270],
		[15, "U8", "T", 1065, -1930, 0],
		[16, "U10", "T", 228.64, -1515, 180],
		[17, "U11", "T", 228.64, -1648.98, 180],
		[18, "U12", "T", 228.64, -1783, 180],
		[19, "PAD1", "T", 1280, -735, 0],
		[20, "PAD1", "B", 1280, -735, 0],
		[21, "PAD2", "T", 1945, -1035, 0],
		[22, "PAD2", "B", 1945, -1035, 0],
		[23, "PAD3", "T", 1745, -1530, 0],
		[24, "PAD3", "B", 1745, -1530, 0]
	]
},
"pins": {
	"fields": ["PIN_NO", "PIN_NAME", "PIN_X", "PIN_Y", "LAYER", "PIN_TYPE", "NET_NAME", "NET_TYPE", "PAD_SHAPE", "PAD_SIZEX", "PAD_SIZEY", "HOLE_SIZE", "PAD_ANGLE"],
	"rows": [
		[1, "C1_1", 670, -133.94, "T", "SMD", "GND", "GND", "R", 31.5, 35.43, 0, 270],
		[2, "C1_2", 670, -189.06, "T", "SMD", "IO34", "", "R", 31.5, 35.43, 0, 270],
		[3, "C2_1", 670, -302.52, "T", "SMD", "GND", "GND", "R", 31.5, 35.43, 0, 270],
		[4, "C2_2", 670, -357.64, "T", "SMD", "IO35", "", "R", 31.5, 35.43, 0, 270],
		[5, "CN3_1", 3713, -1964.2, "T", "SMD", "PW", "", "R", 23.62, 66.93, 0, 90],
		[6, "CN3_2", 3713, -1915, "T", "SMD", "IO16", "", "R", 23.62, 66.93, 0, 90],
		[7, "CN3_3", 3713, -1865.78, "T", "SMD", "GND", "GND", "R", 23.62, 66.93, 0, 90],
		[8, "CN3_4", 3837, -1792.95, "T", "SMD", "CN3_4", "", "R", 39.37, 110.24, 0, 90],
		[9, "CN3_5", 3837, -2037.05, "T", "SMD", "CN3_5", "", "R", 39.37, 110.24, 0, 90],
		[10, "CN4_1", 3703, -1554.2, "T", "SMD", "PW", "", "R", 23.62, 66.93, 0, 90],
		[11, "CN4_2", 3703, -1505, "T", "SMD", "IO17", "", "R", 23.62, 66.93, 0, 90],
		[12, "CN4_3", 3703, -1455.78, "T", "SMD", "GND", "GND", "R", 23.62, 66.93, 0, 90],
		[13, "CN4_4", 3827, -1382.95, "T", "SMD", "CN4_4", "", "R", 39.37, 110.24, 0, 90],
		[14, "CN4_5", 3827, -1627.05, "T", "SMD", "CN4_5", "", "R", 39.37, 110.24, 0, 90],
		[15, "KEY1_1", 269.93, -310, "T", "SMD", "GND", "GND", "R", 66.93, 59.05, 0, 180],
		[16, "KEY1_2", 540.08, -310, "T", "SMD", "IO35", "", "R", 66.93, 59.05, 0, 180],
		[17, "KEY2_1", 264.93, -120, "T", "SMD", "GND", "GND", "R", 66.93, 59.05, 0, 180],
		[18, "KEY2_2", 535.08, -120, "T", "SMD", "IO34", "", "R", 66.93, 59.05, 0, 180],
		[19, "R2_1", 460.34, -1511.61, "T", "SMD", "$1N2417", "", "R", 31.75, 34.02, 0, 0],
		[20, "R2_2", 519.66, -1511.61, "T", "SMD", "IO14", "", "R", 31.75, 34.02, 0, 0],
		[21, "R3_1", 460.34, -1645.58, "T", "SMD", "$1N2473", "", "R", 31.75, 34.02, 0, 0],
		[22, "R3_2", 519.66, -1645.58, "T", "SMD", "IO12", "", "R", 31.75, 34.02, 0, 0],
		[23, "R4_1", 460.34, -1779.61, "T", "SMD", "$1N2590", "", "R", 31.75, 34.02, 0, 0],
		[24, "R4_2", 519.66, -1779.61, "T", "SMD", "IO13", "", "R", 31.75, 34.02, 0, 0],
		[25, "R5_1", 1349.66, -575, "T", "SMD", "VCC", "", "R", 31.75, 34.02, 0, 180],
		[26, "R5_2", 1290.34, -575, "T", "SMD", "IO35", "", "R", 31.75, 34.02, 0, 180],
		[27, "R6_1", 1349.66, -475, "T", "SMD", "VCC", "", "R", 31.75, 34.02, 0, 180],
		[28, "R6_2", 1290.34, -475, "T", "SMD", "IO34", "", "R", 31.75, 34.02, 0, 180],
		[29, "U0_1", 691, -1070, "T", "SMD", "IO26", "", "O", 120, 60, 0, 0],
		[30, "U0_2", 691, -970, "T", "SMD", "IO27", "", "O", 120, 60, 0, 0],
		[31, "U0_3", 691, -870, "T", "SMD", "IO25", "", "O", 120, 60, 0, 0],
		[32, "U0_4", 691, -770, "T", "SMD", "U0_4", "", "O", 120, 60, 0, 0],
		[33, "U0_5", 691, -670, "T", "SMD", "U0_5", "", "O", 120, 60, 0, 0],
		[34, "U0_6", 691, -570, "T", "SMD", "GND", "GND", "O", 120, 60, 0, 0],
		[35, "U0_7", 691, -470, "T", "SMD", "+5V", "", "O", 120, 60, 0, 0],
		[36, "U3_1", 3617.48, -164.8, "T", "SMD", "+5V", "", "O", 60, 118.11, 0, 0],
		[37, "U3_2", 3538.74, -164.8, "T", "SMD", "GND", "GND", "O", 60, 118.11, 0, 0],
		[38, "U3_3", 3460, -164.8, "T", "SMD", "U3_3", "", "O", 60, 118.11, 0, 0],
		[39, "U3_4", 3381.26, -164.8, "T", "SMD", "U3_4", "", "O", 60, 118.11, 0, 0],
		[40, "U3_5", 3302.52, -164.8, "T", "SMD", "U3_5", "", "O", 60, 118.11, 0, 0],
		[41, "U3_6", 3302.52, -315.2, "T", "SMD", "IO18", "", "O", 60, 118.11, 0, 0],
		[42, "U3_7", 3381.26, -315.2, "T", "SMD", "IO5", "", "O", 60, 118.11, 0, 0],
		[43, "U3_8", 3460, -315.2, "T", "SMD", "IO23", "", "O", 60, 118.11, 0, 0],
		[44, "U3_9", 3538.74, -315.2, "T", "SMD", "IO19", "", "O", 60, 118.11, 0, 0],
		[45, "U3_10", 3617.48, -315.2, "T", "SMD", "U3_10", "", "O", 60, 118.11, 0, 0],
		[46, "U4_1", 3625, -1135, "T", "SMD", "+5V", "", "R", 40.16, 125.98, 0, 270],
		[47, "U4_2", 3625, -1235, "T", "SMD", "PW", "", "R", 40.16, 125.98, 0, 270],
		[48, "U8_1", 1116.5, -76.09, "T", "DIP", "VCC", "", "R", 62.99, 62.99, 41.34, 90],
		[49, "U8_1", 1116.5, -76.09, "B", "DIP", "VCC", "", "R", 62.99, 62.99, 41.34, 90],
		[50, "U8_2", 1069.25, -175, "T", "SMD", "U8_2", "", "O", 157.5, 60, 0, 0],
		[51, "U8_3", 1069.25, -275, "T", "SMD", "U8_3", "", "O", 157.48, 60, 0, 0],
		[52, "U8_4", 1069.25, -375, "T", "SMD", "U8_4", "", "O", 157.48, 60, 0, 0],
		[53, "U8_5", 1069.25, -475, "T", "SMD", "IO34", "", "O", 157.48, 60, 0, 0],
		[54, "U8_6", 1069.25, -575, "T", "SMD", "IO35", "", "O", 157.48, 60, 0, 0],
		[55, "U8_7", 1069.25, -675, "T", "SMD", "U8_7", "", "O", 157.48, 60, 0, 0],
		[56, "U8_8", 1069.25, -775, "T", "SMD", "U8_8", "", "O", 157.48, 60, 0, 0],
		[57, "U8_9", 1069.25, -875, "T", "SMD", "IO25", "", "O", 157.48, 60, 0, 0],
		[58, "U8_10", 1069.25, -975, "T", "SMD", "IO26", "", "O", 157.48, 60, 0, 0],
		[59, "U8_11", 1069.25, -1075, "T", "SMD", "IO27", "", "O", 157.48, 60, 0, 0],
		[60, "U8_12", 1069.25, -1175, "T", "SMD", "IO14", "", "O", 157.48, 60, 0, 0],
		[61, "U8_13", 1069.25, -1275, "T", "SMD", "IO12", "", "O", 157.48, 60, 0, 0],
		[62, "U8_14", 1069.25, -1375, "T", "SMD", "U8_14", "", "O", 157.48, 60, 0, 0],
		[63, "U8_15", 1069.25, -1475, "T", "SMD", "IO13", "", "O", 157.48, 60, 0, 0],
		[64, "U8_16", 1069.25, -1575, "T", "SMD", "U8_16", "", "O", 157.48, 60, 0, 0],
		[65, "U8_17", 1069.25, -1675, "T", "SMD", "U8_17", "", "O", 157.48, 60, 0, 0],
		[66, "U8_18", 1069.25, -1775, "T", "SMD", "U8_18", "", "O", 157.48, 60, 0, 0],
		[67, "U8_19", 1116.5, -1876.09, "T", "DIP", "+5V", "", "C", 62.99, 62.99, 41.34, 90],
		[68, "U8_19", 1116.5, -1876.09, "B", "DIP", "+5V", "", "C", 62.99, 62.99, 41.34, 90],
		[69, "U8_20", 2116.5, -1876.09, "T", "DIP", "U8_20", "", "C", 62.99, 62.99, 41.34, 90],
		[70, "U8_20", 2116.5, -1876.09, "B", "DIP", "U8_20", "", "C", 62.99, 62.99, 41.34, 90],
		[71, "U8_21", 2163.8, -1775, "T", "SMD", "U8_21", "", "O", 157.48, 60, 0, 0],
		[72, "U8_22", 2163.8, -1675, "T", "SMD", "U8_22", "", "O", 157.48, 60, 0, 0],
		[73, "U8_23", 2163.8, -1575, "T", "SMD", "U8_23", "", "O", 157.48, 60, 0, 0],
		[74, "U8_24", 2163.8, -1475, "T", "SMD", "U8_24", "", "O", 157.48, 60, 0, 0],
		[75, "U8_25", 2163.8, -1375, "T", "SMD", "U8_25", "", "O", 157.48, 60, 0, 0],
		[76, "U8_26", 2163.8, -1275, "T", "SMD", "U8_26", "", "O", 157.48, 60, 0, 0],
		[77, "U8_27", 2163.8, -1175, "T", "SMD", "IO16", "", "O", 157.48, 60, 0, 0],
		[78, "U8_28", 2163.8, -1075, "T", "SMD", "IO17", "", "O", 157.48, 60, 0, 0],
		[79, "U8_29", 2163.8, -975, "T", "SMD", "IO5", "", "O", 157.48, 60, 0, 0],
		[80, "U8_30", 2163.8, -875, "T", "SMD", "IO18", "", "O", 157.48, 60, 0, 0],
		[81, "U8_31", 2163.8, -775, "T", "SMD", "IO19", "", "O", 157.48, 60, 0, 0],
		[82, "U8_32", 2163.8, -675, "T", "SMD", "U8_32", "", "O", 157.48, 60, 0, 0],
		[83, "U8_33", 2163.8, -575, "T", "SMD", "U8_33", "", "O", 157.48, 60, 0, 0],
		[84, "U8_34", 2163.8, -475, "T", "SMD", "U8_34", "", "O", 157.48, 60, 0, 0],
		[85, "U8_35", 2163.8, -375, "T", "SMD", "U8_35", "", "O", 157.48, 60, 0, 0],
		[86, "U8_36", 2163.8, -275, "T", "SMD", "U8_36", "", "O", 157.48, 60, 0, 0],
		[87, "U8_37", 2163.8, -175, "T", "SMD", "IO23", "", "O", 157.5, 60, 0, 0],
		[88, "U8_38", 2116.5, -76.09, "T", "DIP", "GND", "GND", "R", 62.99, 62.99, 41.34, 90],
		[89, "U8_38", 2116.5, -76.09, "B", "DIP", "GND", "GND", "R", 62.99, 62.99, 41.34, 90],
		[90, "U10_1", 271.95, -1515, "T", "SMD", "$1N2417", "", "R", 39.37, 49.21, 0, 0],
		[91, "U10_2", 185.33, -1515, "T", "SMD", "VCC", "", "R", 39.37, 49.21, 0, 0],
		[92, "U11_1", 271.95, -1648.98, "T", "SMD", "$1N2473", "", "R", 39.37, 49.21, 0, 0],
		[93, "U11_2", 185.33, -1648.98, "T", "SMD", "VCC", "", "R", 39.37, 49.21, 0, 0],
		[94, "U12_1", 271.95, -1783, "T", "SMD", "$1N2590", "", "R", 39.37, 49.21, 0, 0],
		[95, "U12_2", 185.33, -1783, "T", "SMD", "VCC", "", "R", 39.37, 49.21, 0, 0],
		[96, "PAD1_1", 1280, -735, "T", "DIP", "GND", "GND", "C", 60, 60, 36, 0],
		[97, "PAD1_1", 1280, -735, "B", "DIP", "GND", "GND", "C", 60, 60, 36, 0],
		[98, "PAD2_3", 1945, -1035, "T", "DIP", "GND", "GND", "C", 60, 60, 36, 0],
		[99, "PAD2_3", 1945, -1035, "B", "DIP", "GND", "GND", "C", 60, 60, 36, 0],
		[100, "PAD3_2", 1745, -1530, "T", "DIP", "GND", "GND", "C", 60, 60, 36, 0],
		[101, "PAD3_2", 1745, -1530, "B", "DIP", "GND", "GND", "C", 60, 60, 36, 0]
	]
}
}